{
  "project_info": {
    "project_number": "932742624035",
    "project_id": "tourplace-76c8c",
    "storage_bucket": "tourplace-76c8c.appspot.com"
  },
  "client": [
    {
      "client_info": {
        "mobilesdk_app_id": "1:932742624035:android:e67e2527a6401b28bad296",
        "android_client_info": {
          "package_name": "com.travel"
        }
      },
      "oauth_client": [],
      "api_key": [
        {
          "current_key": "AIzaSyCKKjlRzP8fh4zGbYBdFuyCohIJ1nl0zDs"
        }
      ],
      "services": {
        "appinvite_service": {
          "other_platform_oauth_client": []
        }
      }
    }
  ],
  "configuration_version": "1"
}